"iteration";"bin_index (w= 0.050000)";"samples";"local_density"
0;0;0;0
0;1;0;0
0;2;0;0
0;3;0;0
0;4;0;0
0;5;0;0
0;6;0;0
0;7;0;0
0;8;0;0
0;9;0;0
0;10;0;0
0;11;0;0
0;12;0;0
0;13;0;0
0;14;0;0
0;15;0;0
0;16;1;2.33765
0;17;2;4.15639
0;18;35;65.0877
0;19;132;220.948
0;20;153;231.728
0;21;205;282.279
0;22;192;241.404
0;23;158;182.111
0;24;182;193.001
0;25;163;159.563
0;26;158;143.217
0;27;166;139.725
0;28;159;124.607
0;29;145;106.063
0;30;171;117.014
0;31;182;116.76
0;32;154;92.8111
0;33;188;106.639
0;34;211;112.848
0;35;221;111.632
0;36;251;119.934
0;37;251;113.623
0;38;308;132.277
0;39;312;127.297
0;40;310;120.312
0;41;341;126.043
0;42;335;118.067
0;43;327;110.01
0;44;347;111.55
0;45;375;115.311
0;46;388;114.232
0;47;404;113.988
0;48;411;111.23
0;49;359;93.2716
0;50;445;111.082
0;51;424;101.77
0;52;434;100.239
0;53;473;105.201
0;54;501;107.377
0;55;481;99.4094
0;56;487;97.1183
0;57;552;106.285
0;58;526;97.8461
0;59;528;94.9445
0;60;521;90.6144
0;61;549;92.4044
0;62;603;98.2716
0;63;577;91.096
0;64;629;96.2504
0;65;613;90.9598
0;66;610;87.8129
0;67;652;91.0987
0;68;639;86.6946
0;69;653;86.0629
0;70;693;88.7622
0;71;728;90.6551
0;72;673;81.5103
0;73;747;88.0277
0;74;758;86.9421
0;75;677;75.6081
0;76;758;82.4556
0;77;741;78.5396
0;78;721;74.4852
0;79;748;75.3428
0;80;763;74.9562
0;81;826;79.1661
0;82;797;74.5462
0;83;858;78.341
0;84;872;77.746
0;85;884;76.9831
0;86;813;69.1725
0;87;798;66.3532
0;88;909;73.8844
0;89;876;69.6199
0;90;889;69.1004
0;91;852;64.7848
0;92;882;65.6237
0;93;956;69.6163
0;94;873;62.2339
0;95;872;60.8676
0;96;932;63.7144
0;97;1017;68.1064
0;98;965;63.3186
0;99;902;58.0012
0;100;996;62.7775
0;101;927;57.2828
0;102;966;58.5337
0;103;995;59.1315
0;104;955;55.6734
0;105;1016;58.112
0;106;923;51.8059
0;107;1002;55.1986
0;108;955;51.6441
0;109;1004;53.3068
0;110;1014;52.8677
0;111;1042;53.3575
0;112;1039;52.2622
0;113;1022;50.5052
0;114;1039;50.4524
0;115;1031;49.2008
0;116;1024;48.0314
0;117;1026;47.3096
0;118;996;45.1544
0;119;1004;44.7585
0;120;1020;44.7202
0;121;1014;43.7283
0;122;1037;43.9931
0;123;1036;43.2418
0;124;1003;41.1946
0;125;1047;42.3192
0;126;1085;43.1645
0;127;1058;41.4327
0;128;999;38.5156
0;129;955;36.2528
0;130;1031;38.5403
0;131;1056;38.8768
0;132;1038;37.6395
0;133;1054;37.6492
0;134;1036;36.458
0;135;964;33.4254
0;136;942;32.1858
0;137;968;32.5948
0;138;1030;34.1835
0;139;992;32.452
0;140;974;31.4112
0;141;1012;32.177
0;142;984;30.8492
0;143;993;30.699
0;144;1010;30.7939
0;145;981;29.5
0;146;1000;29.6622
0;147;964;28.2079
0;148;940;27.1365
0;149;914;26.0341
0;150;935;26.2795
0;151;875;24.2695
0;152;962;26.3338
0;153;878;23.7223
0;154;865;23.0695
0;155;912;24.0111
0;156;839;21.8078
0;157;894;22.9433
0;158;830;21.0329
0;159;830;20.7699
0;160;845;20.8826
0;161;867;21.1618
0;162;855;20.6129
0;163;862;20.5282
0;164;805;18.9384
0;165;759;17.6411
0;166;709;16.2816
0;167;741;16.8139
0;168;765;17.153
0;169;720;15.9541
0;170;747;16.3588
0;171;718;15.5409
0;172;651;13.9278
0;173;684;14.4656
0;174;651;13.6103
0;175;648;13.3937
0;176;617;12.6088
0;177;607;12.2651
0;178;581;11.6086
0;179;627;12.3885
0;180;594;11.6068
0;181;547;10.5709
0;182;528;10.0922
0;183;538;10.1716
0;184;498;9.31356
0;185;490;9.06541
0;186;485;8.87694
0;187;446;8.07628
0;188;406;7.27415
0;189;468;8.29672
0;190;387;6.78891
0;191;371;6.44044
0;192;386;6.6314
0;193;333;5.66189
0;194;383;6.44523
0;195;340;5.66323
0;196;346;5.70467
0;197;300;4.89628
0;198;320;5.17021
0;199;255;4.07881
0;200;271;4.29161
0;201;268;4.20208
0;202;257;3.9899
0;203;257;3.95079
0;204;222;3.37945
0;205;226;3.40694
0;206;228;3.40388
0;207;245;3.62251
0;208;197;2.88492
0;209;194;2.81393
0;210;174;2.49991
0;211;164;2.33401
0;212;164;2.31209
0;213;164;2.29048
0;214;162;2.24151
0;215;136;1.86433
0;216;134;1.81999
0;217;129;1.736
0;218;116;1.5468
0;219;136;1.797
0;220;130;1.70218
0;221;111;1.44031
0;222;85;1.09305
0;223;92;1.1725
0;224;97;1.22523
0;225;89;1.11423
0;226;83;1.02996
0;227;86;1.05783
0;228;74;0.902275
0;229;58;0.701039
0;230;69;0.826774
0;231;65;0.772131
0;232;68;0.800834
0;233;42;0.490405
0;234;41;0.474655
0;235;50;0.573942
0;236;49;0.557716
0;237;41;0.462739
0;238;48;0.53721
0;239;27;0.299662
0;240;36;0.396234
0;241;25;0.272889
0;242;28;0.30312
0;243;22;0.236213
0;244;17;0.181038
0;245;22;0.23238
0;246;23;0.240976
0;247;22;0.22864
0;248;13;0.13402
0;249;20;0.204535
0;250;15;0.152179
0;251;19;0.191231
0;252;10;0.099852
0;253;9;0.0891592
0;254;10;0.0982888
0;255;7;0.0682646
0;256;11;0.106438
0;257;7;0.0672083
0;258;4;0.0381082
0;259;8;0.0756301
0;260;6;0.0562879
0;261;4;0.0372388
0;262;3;0.0277167
0;263;4;0.0366757
0;264;1;0.00909972
0;265;6;0.0541878
0;266;3;0.026891
0;267;2;0.0177935
0;268;1;0.00883062
0;269;4;0.0350608
0;270;3;0.0261016
0;271;1;0.00863654
0;272;0;0
0;273;0;0
0;274;3;0.0253464
0;275;1;0.00838758
0;276;1;0.00832702
0;277;2;0.0165342
0;278;0;0
0;279;2;0.0162984
0;280;1;0.00809122
0;281;0;0
0;282;0;0
0;283;1;0.00792088
0;284;0;0
0;285;0;0
0;286;1;0.00775587
0;287;1;0.00770201
0;288;0;0
0;289;0;0
0;290;1;0.00754375
25000;0;0;0
25000;1;0;0
25000;2;0;0
25000;3;0;0
25000;4;0;0
25000;5;0;0
25000;6;0;0
25000;7;0;0
25000;8;0;0
25000;9;0;0
25000;10;0;0
25000;11;0;0
25000;12;0;0
25000;13;0;0
25000;14;0;0
25000;15;0;0
25000;16;0;0
25000;17;0;0
25000;18;2;3.7193
25000;19;62;103.779
25000;20;139;210.524
25000;21;239;329.096
25000;22;236;296.726
25000;23;244;281.235
25000;24;219;232.237
25000;25;201;196.762
25000;26;154;139.591
25000;27;121;101.848
25000;28;145;113.635
25000;29;144;105.331
25000;30;139;95.1166
25000;31;151;96.8723
25000;32;174;104.864
25000;33;176;99.8323
25000;34;206;110.174
25000;35;220;111.126
25000;36;210;100.343
25000;37;259;117.244
25000;38;294;126.265
25000;39;286;116.689
25000;40;360;139.717
25000;41;358;132.326
25000;42;381;134.279
25000;43;367;123.466
25000;44;382;122.802
25000;45;395;121.461
25000;46;422;124.242
25000;47;362;102.138
25000;48;383;103.653
25000;49;403;104.703
25000;50;414;103.344
25000;51;414;99.3693
25000;52;450;103.935
25000;53;423;94.0806
25000;54;449;96.2324
25000;55;500;103.336
25000;56;490;97.7165
25000;57;537;103.397
25000;58;507;94.3117
25000;59;511;91.8876
25000;60;574;99.8324
25000;61;606;101.998
25000;62;611;99.5754
25000;63;626;98.8321
25000;64;658;100.688
25000;65;627;93.0372
25000;66;651;93.7151
25000;67;616;86.0687
25000;68;655;88.8654
25000;69;648;85.404
25000;70;705;90.2992
25000;71;633;78.8251
25000;72;732;88.656
25000;73;726;85.553
25000;74;716;82.1248
25000;75;710;79.2936
25000;76;735;79.9537
25000;77;751;79.5996
25000;78;740;76.4481
25000;79;751;75.645
25000;80;812;79.7699
25000;81;828;79.3578
25000;82;843;78.8487
25000;83;842;76.8801
25000;84;862;76.8544
25000;85;899;78.2893
25000;86;842;71.6399
25000;87;845;70.2613
25000;88;861;69.9829
25000;89;852;67.7125
25000;90;936;72.7536
25000;91;866;65.8494
25000;92;901;67.0374
25000;93;957;69.6891
25000;94;926;66.0121
25000;95;892;62.2636
25000;96;899;61.4584
25000;97;940;62.9499
25000;98;895;58.7255
25000;99;980;63.0168
25000;100;918;57.8612
25000;101;985;60.8668
25000;102;976;59.1397
25000;103;1015;60.3201
25000;104;986;57.4806
25000;105;1046;59.8279
25000;106;980;55.0052
25000;107;1014;55.8596
25000;108;1014;54.8347
25000;109;1018;54.0501
25000;110;929;48.436
25000;111;1017;52.0773
25000;112;1025;51.558
25000;113;1039;51.3454
25000;114;991;48.1216
25000;115;1090;52.0164
25000;116;1029;48.266
25000;117;1021;47.079
25000;118;1028;46.6052
25000;119;960;42.797
25000;120;1031;45.2025
25000;121;1053;45.4102
25000;122;1034;43.8658
25000;123;1068;44.5774
25000;124;1051;43.166
25000;125;1046;42.2787
25000;126;1035;41.1753
25000;127;972;38.0648
25000;128;1000;38.5542
25000;129;986;37.4296
25000;130;1083;40.4842
25000;131;1028;37.846
25000;132;1000;36.2615
25000;133;1045;37.3278
25000;134;1006;35.4023
25000;135;1037;35.9566
25000;136;1024;34.9875
25000;137;1011;34.0427
25000;138;987;32.7564
25000;139;1005;32.8773
25000;140;986;31.7982
25000;141;972;30.9052
25000;142;971;30.4416
25000;143;955;29.5242
25000;144;958;29.2084
25000;145;966;29.0489
25000;146;948;28.1198
25000;147;946;27.6812
25000;148;948;27.3674
25000;149;970;27.6292
25000;150;903;25.3801
25000;151;909;25.2126
25000;152;926;25.3484
25000;153;880;23.7763
25000;154;922;24.5897
25000;155;903;23.7742
25000;156;863;22.4316
25000;157;838;21.5061
25000;158;853;21.6157
25000;159;856;21.4206
25000;160;815;20.1412
25000;161;833;20.3319
25000;162;851;20.5164
25000;163;800;19.0517
25000;164;791;18.609
25000;165;757;17.5946
25000;166;749;17.2001
25000;167;728;16.5189
25000;168;753;16.8839
25000;169;742;16.4416
25000;170;698;15.2857
25000;171;688;14.8915
25000;172;696;14.8905
25000;173;678;14.3387
25000;174;632;13.2131
25000;175;618;12.7736
25000;176;651;13.3036
25000;177;616;12.447
25000;178;549;10.9692
25000;179;615;12.1514
25000;180;563;11.001
25000;181;533;10.3004
25000;182;530;10.1305
25000;183;508;9.60441
25000;184;510;9.53798
25000;185;478;8.8434
25000;186;469;8.58409
25000;187;446;8.07628
25000;188;429;7.68624
25000;189;413;7.32168
25000;190;398;6.98188
25000;191;393;6.82235
25000;192;368;6.32216
25000;193;361;6.13797
25000;194;375;6.31061
25000;195;388;6.46275
25000;196;297;4.89678
25000;197;266;4.34137
25000;198;282;4.55625
25000;199;319;5.10251
25000;200;262;4.14908
25000;201;277;4.34319
25000;202;258;4.00543
25000;203;237;3.64333
25000;204;217;3.30333
25000;205;230;3.46724
25000;206;215;3.2098
25000;207;219;3.23808
25000;208;194;2.84098
25000;209;182;2.63987
25000;210;189;2.71542
25000;211;177;2.51902
25000;212;161;2.2698
25000;213;146;2.03909
25000;214;171;2.36603
25000;215;139;1.90546
25000;216;116;1.57551
25000;217;143;1.92441
25000;218;119;1.5868
25000;219;120;1.58559
25000;220;103;1.34865
25000;221;113;1.46626
25000;222;93;1.19592
25000;223;104;1.32543
25000;224;77;0.972607
25000;225;82;1.0266
25000;226;58;0.719732
25000;227;80;0.984026
25000;228;71;0.865696
25000;229;68;0.821908
25000;230;61;0.730916
25000;231;62;0.736494
25000;232;52;0.612402
25000;233;70;0.817342
25000;234;46;0.532539
25000;235;42;0.482111
25000;236;38;0.432515
25000;237;44;0.496598
25000;238;36;0.402907
25000;239;40;0.443944
25000;240;36;0.396234
25000;241;35;0.382044
25000;242;16;0.173211
25000;243;17;0.182528
25000;244;21;0.223636
25000;245;18;0.190129
25000;246;17;0.178113
25000;247;22;0.22864
25000;248;17;0.175257
25000;249;18;0.184082
25000;250;10;0.101453
25000;251;12;0.120777
25000;252;14;0.139793
25000;253;8;0.0792526
25000;254;17;0.167091
25000;255;16;0.156033
25000;256;11;0.106438
25000;257;6;0.0576071
25000;258;5;0.0476353
25000;259;6;0.0567226
25000;260;4;0.0375253
25000;261;7;0.065168
25000;262;3;0.0277167
25000;263;5;0.0458446
25000;264;4;0.0363989
25000;265;0;0
25000;266;4;0.0358546
25000;267;1;0.00889676
25000;268;5;0.0441531
25000;269;4;0.0350608
25000;270;2;0.017401
25000;271;3;0.0259096
25000;272;3;0.0257198
25000;273;2;0.0170214
25000;274;6;0.0506928
25000;275;1;0.00838758
25000;276;3;0.024981
25000;277;0;0
25000;278;1;0.00820785
25000;279;0;0
25000;280;1;0.00809122
25000;281;1;0.00803383
25000;282;0;0
25000;283;0;0
25000;284;0;0
25000;285;0;0
25000;286;0;0
25000;287;1;0.00770201
25000;288;0;0
25000;289;0;0
25000;290;0;0
25000;291;0;0
25000;292;0;0
25000;293;0;0
25000;294;0;0
25000;295;0;0
25000;296;1;0.00724153
50000;0;0;0
50000;1;0;0
50000;2;0;0
50000;3;0;0
50000;4;0;0
50000;5;0;0
50000;6;0;0
50000;7;0;0
50000;8;0;0
50000;9;0;0
50000;10;0;0
50000;11;0;0
50000;12;0;0
50000;13;0;0
50000;14;0;0
50000;15;0;0
50000;16;0;0
50000;17;0;0
50000;18;0;0
50000;19;0;0
50000;20;23;34.8349
50000;21;765;1053.38
50000;22;770;968.131
50000;23;334;384.969
50000;24;148;156.946
50000;25;94;92.0178
50000;26;79;71.6084
50000;27;62;52.1865
50000;28;75;58.777
50000;29;76;55.5915
50000;30;89;60.902
50000;31;113;72.4938
50000;32;121;72.923
50000;33;133;75.4414
50000;34;184;98.4078
50000;35;300;151.536
50000;36;421;201.164
50000;37;504;228.151
50000;38;539;231.485
50000;39;492;200.737
50000;40;405;157.182
50000;41;401;148.22
50000;42;491;173.047
50000;43;572;192.433
50000;44;425;136.625
50000;45;352;108.239
50000;46;295;86.8519
50000;47;258;72.7942
50000;48;252;68.1996
50000;49;291;75.6046
50000;50;306;76.3844
50000;51;358;85.9281
50000;52;440;101.625
50000;53;524;116.544
50000;54;564;120.88
50000;55;622;128.55
50000;56;693;138.199
50000;57;693;133.434
50000;58;647;120.354
50000;59;644;115.804
50000;60;594;103.311
50000;61;522;87.8599
50000;62;506;82.4634
50000;63;613;96.7797
50000;64;565;86.4571
50000;65;534;79.2374
50000;66;483;69.5306
50000;67;499;69.7213
50000;68;527;71.4993
50000;69;522;68.7976
50000;70;611;78.2593
50000;71;635;79.0742
50000;72;715;86.5971
50000;73;724;85.3173
50000;74;790;90.6125
50000;75;738;82.4207
50000;76;736;80.0625
50000;77;720;76.3138
50000;78;743;76.758
50000;79;703;70.8101
50000;80;735;72.2055
50000;81;642;61.5311
50000;82;672;62.8545
50000;83;680;62.0885
50000;84;732;65.2639
50000;85;672;58.5211
50000;86;667;56.7504
50000;87;664;55.2112
50000;88;748;60.7982
50000;89;719;57.1424
50000;90;794;61.7162
50000;91;761;57.8653
50000;92;854;63.5405
50000;93;805;58.6204
50000;94;845;60.2378
50000;95;824;57.5171
50000;96;814;55.6475
50000;97;813;54.445
50000;98;823;54.0012
50000;99;832;53.5
50000;100;814;51.3061
50000;101;728;44.9858
50000;102;811;49.1417
50000;103;746;44.3338
50000;104;835;48.6778
50000;105;831;47.5306
50000;106;818;45.9125
50000;107;829;45.6683
50000;108;824;44.56
50000;109;817;43.3781
50000;110;885;46.1419
50000;111;891;45.6252
50000;112;923;46.4274
50000;113;913;45.1187
50000;114;896;43.5085
50000;115;876;41.804
50000;116;963;45.1702
50000;117;921;42.468
50000;118;834;37.81
50000;119;887;39.5426
50000;120;875;38.3629
50000;121;879;37.9065
50000;122;882;37.4174
50000;123;886;36.9809
50000;124;881;36.1839
50000;125;919;37.1455
50000;126;897;35.6853
50000;127;929;36.3809
50000;128;968;37.3205
50000;129;924;35.076
50000;130;937;35.0265
50000;131;908;33.4282
50000;132;992;35.9715
50000;133;957;34.1844
50000;134;962;33.8539
50000;135;936;32.4545
50000;136;951;32.4933
50000;137;967;32.5611
50000;138;902;29.9354
50000;139;908;29.7041
50000;140;933;30.089
50000;141;903;28.7113
50000;142;934;29.2816
50000;143;941;29.0914
50000;144;946;28.8426
50000;145;984;29.5902
50000;146;977;28.98
50000;147;961;28.1202
50000;148;892;25.7508
50000;149;927;26.4044
50000;150;922;25.9141
50000;151;936;25.9615
50000;152;985;26.9634
50000;153;941;25.4244
50000;154;942;25.1231
50000;155;958;25.2222
50000;156;931;24.1991
50000;157;931;23.8928
50000;158;860;21.7931
50000;159;847;21.1954
50000;160;892;22.0442
50000;161;847;20.6736
50000;162;939;22.638
50000;163;863;20.552
50000;164;892;20.9851
50000;165;803;18.6637
50000;166;905;20.7826
50000;167;851;19.3098
50000;168;824;18.4759
50000;169;834;18.4802
50000;170;826;18.0888
50000;171;772;16.7097
50000;172;797;17.0514
50000;173;787;16.6439
50000;174;749;15.6592
50000;175;723;14.9439
50000;176;738;15.0815
50000;177;740;14.9525
50000;178;701;14.0062
50000;179;649;12.8232
50000;180;656;12.8182
50000;181;659;12.7354
50000;182;624;11.9272
50000;183;610;11.5329
50000;184;587;10.978
50000;185;556;10.2865
50000;186;596;10.9086
50000;187;536;9.70602
50000;188;562;10.0691
50000;189;525;9.30722
50000;190;464;8.13968
50000;191;521;9.04439
50000;192;481;8.26348
50000;193;455;7.73622
50000;194;427;7.18568
50000;195;429;7.14567
50000;196;422;6.95771
50000;197;404;6.59366
50000;198;384;6.20425
50000;199;383;6.12621
50000;200;369;5.84355
50000;201;326;5.11148
50000;202;342;5.30952
50000;203;315;4.8424
50000;204;308;4.6886
50000;205;315;4.74861
50000;206;305;4.55343
50000;207;301;4.45051
50000;208;288;4.21754
50000;209;303;4.39495
50000;210;268;3.85044
50000;211;207;2.94597
50000;212;243;3.42585
50000;213;236;3.29606
50000;214;219;3.03018
50000;215;190;2.60458
50000;216;201;2.72998
50000;217;199;2.67802
50000;218;188;2.50688
50000;219;165;2.18019
50000;220;154;2.01643
50000;221;175;2.27075
50000;222;153;1.96748
50000;223;146;1.8607
50000;224;137;1.73048
50000;225;130;1.62753
50000;226;130;1.61319
50000;227;130;1.59904
50000;228;127;1.5485
50000;229;90;1.08782
50000;230;99;1.18624
50000;231;99;1.17601
50000;232;88;1.03637
50000;233;86;1.00416
50000;234;76;0.879847
50000;235;73;0.837955
50000;236;59;0.671536
50000;237;66;0.744897
50000;238;57;0.637937
50000;239;59;0.654818
50000;240;49;0.539319
50000;241;55;0.600355
50000;242;55;0.595414
50000;243;45;0.483163
50000;244;43;0.457921
50000;245;34;0.359133
50000;246;26;0.272407
50000;247;29;0.301389
50000;248;20;0.206185
50000;249;28;0.28635
50000;250;25;0.253632
50000;251;30;0.301943
50000;252;21;0.209689
50000;253;25;0.247664
50000;254;20;0.196578
50000;255;18;0.175538
50000;256;16;0.154819
50000;257;12;0.115214
50000;258;15;0.142906
50000;259;11;0.103991
50000;260;17;0.159483
50000;261;12;0.111717
50000;262;4;0.0369557
50000;263;4;0.0366757
50000;264;7;0.0636981
50000;265;4;0.0361252
50000;266;7;0.0627456
50000;267;11;0.0978644
50000;268;5;0.0441531
50000;269;12;0.105182
50000;270;4;0.0348021
50000;271;2;0.0172731
50000;272;6;0.0514396
50000;273;5;0.0425535
50000;274;2;0.0168976
50000;275;2;0.0167752
50000;276;3;0.024981
50000;277;2;0.0165342
50000;278;3;0.0246235
50000;279;0;0
50000;280;2;0.0161824
50000;281;0;0
50000;282;0;0
50000;283;0;0
50000;284;2;0.0157306
50000;285;0;0
50000;286;0;0
50000;287;1;0.00770201
50000;288;2;0.0152974
50000;289;0;0
50000;290;0;0
50000;291;1;0.00749208
75000;0;0;0
75000;1;0;0
75000;2;0;0
75000;3;0;0
75000;4;0;0
75000;5;0;0
75000;6;0;0
75000;7;0;0
75000;8;0;0
75000;9;0;0
75000;10;0;0
75000;11;0;0
75000;12;0;0
75000;13;0;0
75000;14;0;0
75000;15;0;0
75000;16;0;0
75000;17;0;0
75000;18;0;0
75000;19;0;0
75000;20;41;62.0969
75000;21;828;1140.13
75000;22;817;1027.23
75000;23;287;330.796
75000;24;122;129.374
75000;25;68;66.5661
75000;26;47;42.6025
75000;27;67;56.3951
75000;28;60;47.0216
75000;29;83;60.7117
75000;30;93;63.6392
75000;31;137;87.8907
75000;32;143;86.1817
75000;33;130;73.7397
75000;34;189;101.082
75000;35;252;127.29
75000;36;425;203.075
75000;37;576;260.744
75000;38;612;262.836
75000;39;474;193.393
75000;40;383;148.644
75000;41;405;149.699
75000;42;504;177.629
75000;43;589;198.152
75000;44;417;134.053
75000;45;330;101.474
75000;46;208;61.238
75000;47;240;67.7155
75000;48;254;68.7409
75000;49;322;83.6586
75000;50;365;91.1121
75000;51;383;91.9286
75000;52;432;99.7774
75000;53;506;112.541
75000;54;551;118.094
75000;55;636;131.444
75000;56;677;135.008
75000;57;742;142.869
75000;58;714;132.818
75000;59;662;119.04
75000;60;613;106.615
75000;61;501;84.3253
75000;62;501;81.6486
75000;63;528;83.36
75000;64;528;80.7953
75000;65;499;74.044
75000;66;539;77.5921
75000;67;474;66.2282
75000;68;496;67.2935
75000;69;568;74.8603
75000;70;626;80.1805
75000;71;630;78.4515
75000;72;720;87.2027
75000;73;742;87.4385
75000;74;752;86.2539
75000;75;737;82.309
75000;76;768;83.5434
75000;77;761;80.6595
75000;78;816;84.2995
75000;79;720;72.5225
75000;80;716;70.3389
75000;81;610;58.4641
75000;82;625;58.4584
75000;83;640;58.4362
75000;84;643;57.3288
75000;85;663;57.7373
75000;86;640;54.4532
75000;87;686;57.0405
75000;88;779;63.3179
75000;89;743;59.0498
75000;90;753;58.5293
75000;91;848;64.4807
75000;92;836;62.2012
75000;93;857;62.407
75000;94;839;59.8101
75000;95;806;56.2606
75000;96;834;57.0148
75000;97;778;52.1011
75000;98;803;52.6889
75000;99;798;51.3137
75000;100;804;50.6758
75000;101;753;46.5307
75000;102;769;46.5967
75000;103;697;41.4218
75000;104;813;47.3952
75000;105;793;45.3571
75000;106;830;46.586
75000;107;819;45.1174
75000;108;871;47.1016
75000;109;848;45.0241
75000;110;883;46.0377
75000;111;906;46.3933
75000;112;931;46.8298
75000;113;943;46.6012
75000;114;880;42.7316
75000;115;911;43.4742
75000;116;853;40.0106
75000;117;946;43.6207
75000;118;875;39.6688
75000;119;810;36.1099
75000;120;843;36.9599
75000;121;850;36.6559
75000;122;899;38.1386
75000;123;860;35.8957
75000;124;870;35.7321
75000;125;952;38.4793
75000;126;978;38.9077
75000;127;955;37.3991
75000;128;952;36.7036
75000;129;918;34.8483
75000;130;923;34.5031
75000;131;1008;37.1097
75000;132;917;33.2518
75000;133;937;33.47
75000;134;1002;35.2615
75000;135;988;34.2576
75000;136;937;32.0149
75000;137;881;29.6653
75000;138;973;32.2917
75000;139;898;29.3769
75000;140;916;29.5407
75000;141;963;30.6191
75000;142;942;29.5325
75000;143;905;27.9784
75000;144;998;30.428
75000;145;985;29.6202
75000;146;973;28.8613
75000;147;944;27.6227
75000;148;936;27.021
75000;149;913;26.0056
75000;150;1000;28.1064
75000;151;941;26.1001
75000;152;944;25.8411
75000;153;943;25.4785
75000;154;943;25.1497
75000;155;991;26.091
75000;156;912;23.7053
75000;157;903;23.1742
75000;158;886;22.4519
75000;159;899;22.4966
75000;160;882;21.797
75000;161;930;22.6995
75000;162;853;20.5646
75000;163;920;21.9094
75000;164;858;20.1853
75000;165;858;19.9421
75000;166;862;19.7951
75000;167;872;19.7864
75000;168;849;19.0365
75000;169;807;17.8819
75000;170;796;17.4318
75000;171;780;16.8828
75000;172;818;17.5006
75000;173;823;17.4052
75000;174;758;15.8474
75000;175;742;15.3366
75000;176;719;14.6933
75000;177;685;13.8412
75000;178;658;13.1471
75000;179;662;13.08
75000;180;678;13.2481
75000;181;625;12.0783
75000;182;632;12.0801
75000;183;626;11.8354
75000;184;591;11.0528
75000;185;529;9.78694
75000;186;598;10.9452
75000;187;532;9.63359
75000;188;537;9.62123
75000;189;484;8.58037
75000;190;509;8.92908
75000;191;481;8.35
75000;192;452;7.76526
75000;193;473;8.04226
75000;194;442;7.4381
75000;195;414;6.89582
75000;196;404;6.66094
75000;197;397;6.47941
75000;198;376;6.075
75000;199;352;5.63036
75000;200;360;5.70103
75000;201;306;4.79789
75000;202;329;5.1077
75000;203;359;5.5188
75000;204;335;5.09962
75000;205;334;5.03503
75000;206;287;4.28471
75000;207;288;4.25829
75000;208;251;3.67571
75000;209;249;3.61169
75000;210;277;3.97974
75000;211;241;3.42985
75000;212;234;3.29896
75000;213;213;2.97484
75000;214;211;2.91949
75000;215;204;2.7965
75000;216;196;2.66207
75000;217;182;2.44924
75000;218;195;2.60023
75000;219;163;2.15376
75000;220;184;2.40924
75000;221;148;1.92041
75000;222;156;2.00606
75000;223;136;1.73326
75000;224;176;2.2231
75000;225;130;1.62753
75000;226;118;1.46428
75000;227;118;1.45144
75000;228;117;1.42657
75000;229;95;1.14825
75000;230;73;0.874703
75000;231;94;1.11662
75000;232;92;1.08348
75000;233;71;0.829018
75000;234;86;0.995617
75000;235;75;0.860912
75000;236;80;0.910557
75000;237;67;0.756183
75000;238;68;0.761047
75000;239;62;0.688114
75000;240;50;0.550325
75000;241;63;0.687679
75000;242;43;0.465505
75000;243;33;0.35432
75000;244;35;0.372726
75000;245;30;0.316882
75000;246;26;0.272407
75000;247;34;0.353352
75000;248;34;0.350514
75000;249;37;0.37839
75000;250;26;0.263777
75000;251;23;0.23149
75000;252;37;0.369452
75000;253;20;0.198132
75000;254;12;0.117947
75000;255;17;0.165786
75000;256;16;0.154819
75000;257;15;0.144018
75000;258;13;0.123852
75000;259;14;0.132353
75000;260;11;0.103195
75000;261;9;0.0837874
75000;262;9;0.0831502
75000;263;1;0.00916892
75000;264;3;0.0272992
75000;265;12;0.108376
75000;266;7;0.0627456
75000;267;9;0.0800709
75000;268;6;0.0529837
75000;269;8;0.0701216
75000;270;6;0.0522031
75000;271;7;0.0604558
75000;272;4;0.0342931
75000;273;2;0.0170214
75000;274;3;0.0253464
75000;275;2;0.0167752
75000;276;1;0.00832702
75000;277;1;0.00826711
75000;278;3;0.0246235
75000;279;1;0.00814922
75000;280;0;0
75000;281;0;0
75000;282;0;0
75000;283;1;0.00792088
75000;284;2;0.0157306
75000;285;2;0.0156206
75000;286;0;0
75000;287;2;0.015404
75000;288;1;0.00764871
75000;289;0;0
75000;290;1;0.00754375
100000;0;0;0
100000;1;0;0
100000;2;0;0
100000;3;0;0
100000;4;0;0
100000;5;0;0
100000;6;0;0
100000;7;0;0
100000;8;0;0
100000;9;0;0
100000;10;0;0
100000;11;0;0
100000;12;0;0
100000;13;0;0
100000;14;0;0
100000;15;0;0
100000;16;0;0
100000;17;0;0
100000;18;0;0
100000;19;0;0
100000;20;39;59.0678
100000;21;833;1147.02
100000;22;817;1027.23
100000;23;300;345.78
100000;24;95;100.742
100000;25;73;71.4607
100000;26;58;52.5733
100000;27;58;48.8197
100000;28;59;46.2379
100000;29;72;52.6656
100000;30;114;78.0093
100000;31;143;91.74
100000;32;146;87.9897
100000;33;142;80.5465
100000;34;174;93.0595
100000;35;261;131.836
100000;36;396;189.218
100000;37;549;248.522
100000;38;639;274.432
100000;39;533;217.465
100000;40;363;140.882
100000;41;373;137.871
100000;42;534;188.202
100000;43;586;197.142
100000;44;430;138.233
100000;45;325;99.9363
100000;46;242;71.248
100000;47;209;58.9689
100000;48;273;73.8829
100000;49;267;69.3691
100000;50;357;89.1151
100000;51;368;88.3283
100000;52;446;103.011
100000;53;538;119.658
100000;54;553;118.522
100000;55;597;123.383
100000;56;714;142.387
100000;57;726;139.788
100000;58;744;138.398
100000;59;663;119.22
100000;60;597;103.833
100000;61;506;85.1669
100000;62;498;81.1597
100000;63;518;81.7812
100000;64;534;81.7134
100000;65;537;79.6826
100000;66;499;71.8339
100000;67;504;70.4199
100000;68;508;68.9215
100000;69;550;72.4879
100000;70;590;75.5695
100000;71;679;84.5533
100000;72;666;80.6625
100000;73;740;87.2028
100000;74;810;92.9065
100000;75;736;82.1973
100000;76;732;79.6273
100000;77;800;84.7931
100000;78;766;79.1341
100000;79;742;74.7384
100000;80;723;71.0266
100000;81;633;60.6685
100000;82;650;60.7967
100000;83;652;59.5319
100000;84;618;55.0998
100000;85;666;57.9986
100000;86;666;56.6653
100000;87;704;58.5372
100000;88;695;56.4903
100000;89;809;64.2951
100000;90;771;59.9284
100000;91;813;61.8193
100000;92;831;61.8292
100000;93;867;63.1352
100000;94;831;59.2398
100000;95;838;58.4943
100000;96;815;55.7159
100000;97;810;54.244
100000;98;781;51.2454
100000;99;837;53.8215
100000;100;814;51.3061
100000;101;751;46.4071
100000;102;763;46.2332
100000;103;733;43.5612
100000;104;764;44.5387
100000;105;853;48.7889
100000;106;799;44.8461
100000;107;844;46.4946
100000;108;855;46.2364
100000;109;871;46.2452
100000;110;819;42.7008
100000;111;924;47.3151
100000;112;935;47.031
100000;113;945;46.7001
100000;114;877;42.5859
100000;115;875;41.7563
100000;116;907;42.5435
100000;117;892;41.1307
100000;118;909;41.2102
100000;119;885;39.4535
100000;120;882;38.6698
100000;121;853;36.7853
100000;122;843;35.7629
100000;123;901;37.607
100000;124;849;34.8696
100000;125;885;35.7712
100000;126;990;39.3851
100000;127;938;36.7333
100000;128;929;35.8169
100000;129;951;36.101
100000;130;902;33.7181
100000;131;954;35.1216
100000;132;936;33.9408
100000;133;1034;36.9348
100000;134;990;34.8392
100000;135;979;33.9455
100000;136;932;31.8441
100000;137;918;30.9112
100000;138;872;28.9398
100000;139;925;30.2602
100000;140;955;30.7985
100000;141;944;30.0149
100000;142;936;29.3443
100000;143;945;29.215
100000;144;966;29.4523
100000;145;935;28.1167
100000;146;978;29.0096
100000;147;963;28.1787
100000;148;936;27.021
100000;149;927;26.4044
100000;150;962;27.0384
100000;151;971;26.9322
100000;152;933;25.54
100000;153;923;24.9381
100000;154;997;26.5899
100000;155;953;25.0906
100000;156;885;23.0035
100000;157;927;23.7902
100000;158;851;21.565
100000;159;908;22.7218
100000;160;820;20.2648
100000;161;929;22.6751
100000;162;865;20.8539
100000;163;949;22.6001
100000;164;844;19.8559
100000;165;836;19.4307
100000;166;862;19.7951
100000;167;862;19.5594
100000;168;813;18.2293
100000;169;820;18.1699
100000;170;797;17.4537
100000;171;816;17.662
100000;172;834;17.843
100000;173;761;16.094
100000;174;751;15.701
100000;175;716;14.7992
100000;176;724;14.7954
100000;177;695;14.0432
100000;178;675;13.4867
100000;179;655;12.9417
100000;180;656;12.8182
100000;181;649;12.5421
100000;182;574;10.9715
100000;183;639;12.0811
100000;184;610;11.4082
100000;185;596;11.0265
100000;186;520;9.51754
100000;187;540;9.77846
100000;188;540;9.67498
100000;189;531;9.41359
100000;190;504;8.84137
100000;191;474;8.22849
100000;192;468;8.04014
100000;193;444;7.54919
100000;194;454;7.64004
100000;195;408;6.79588
100000;196;394;6.49606
100000;197;389;6.34884
100000;198;364;5.88111
100000;199;382;6.11022
100000;200;322;5.09925
100000;201;339;5.31531
100000;202;345;5.3561
100000;203;343;5.27284
100000;204;345;5.25184
100000;205;330;4.97473
100000;206;290;4.32949
100000;207;283;4.18436
100000;208;278;4.0711
100000;209;244;3.53917
100000;210;244;3.50562
100000;211;266;3.78565
100000;212;217;3.05929
100000;213;221;3.08657
100000;214;218;3.01635
100000;215;219;3.00213
100000;216;180;2.44476
100000;217;187;2.51653
100000;218;190;2.53355
100000;219;171;2.25947
100000;220;169;2.21283
100000;221;167;2.16695
100000;222;142;1.82603
100000;223;147;1.87345
100000;224;150;1.89469
100000;225;137;1.71517
100000;226;119;1.47669
100000;227;123;1.51294
100000;228;110;1.34122
100000;229;104;1.25704
100000;230;93;1.11435
100000;231;74;0.879041
100000;232;84;0.989265
100000;233;86;1.00416
100000;234;78;0.903001
100000;235;79;0.906828
100000;236;94;1.0699
100000;237;66;0.744897
100000;238;50;0.559594
100000;239;55;0.610423
100000;240;58;0.638377
100000;241;49;0.534861
100000;242;49;0.530459
100000;243;40;0.429479
100000;244;31;0.330129
100000;245;34;0.359133
100000;246;30;0.314316
100000;247;29;0.301389
100000;248;29;0.298968
100000;249;30;0.306803
100000;250;36;0.36523
100000;251;21;0.21136
100000;252;36;0.359467
100000;253;23;0.227851
100000;254;19;0.186749
100000;255;18;0.175538
100000;256;15;0.145143
100000;257;14;0.134417
100000;258;9;0.0857435
100000;259;14;0.132353
100000;260;9;0.0844319
100000;261;9;0.0837874
100000;262;5;0.0461946
100000;263;5;0.0458446
100000;264;3;0.0272992
100000;265;4;0.0361252
100000;266;12;0.107564
100000;267;8;0.0711741
100000;268;9;0.0794756
100000;269;7;0.0613564
100000;270;9;0.0783047
100000;271;2;0.0172731
100000;272;5;0.0428664
100000;273;3;0.0255321
100000;274;2;0.0168976
100000;275;1;0.00838758
100000;276;3;0.024981
100000;277;2;0.0165342
100000;278;1;0.00820785
100000;279;1;0.00814922
100000;280;0;0
100000;281;0;0
100000;282;1;0.00797706
100000;283;0;0
100000;284;3;0.0235959
100000;285;1;0.0078103
100000;286;1;0.00775587
100000;287;1;0.00770201
100000;288;1;0.00764871
100000;289;0;0
100000;290;1;0.00754375
125000;0;0;0
125000;1;0;0
125000;2;0;0
125000;3;0;0
125000;4;0;0
125000;5;0;0
125000;6;0;0
125000;7;0;0
125000;8;0;0
125000;9;0;0
125000;10;0;0
125000;11;0;0
125000;12;0;0
125000;13;0;0
125000;14;0;0
125000;15;0;0
125000;16;0;0
125000;17;0;0
125000;18;0;0
125000;19;0;0
125000;20;51;77.2425
125000;21;852;1173.18
125000;22;805;1012.14
125000;23;271;312.355
125000;24;117;124.072
125000;25;68;66.5661
125000;26;53;48.0411
125000;27;55;46.2945
125000;28;59;46.2379
125000;29;76;55.5915
125000;30;116;79.3779
125000;31;129;82.7584
125000;32;154;92.8111
125000;33;149;84.5171
125000;34;168;89.8506
125000;35;267;134.867
125000;36;402;192.085
125000;37;552;249.88
125000;38;625;268.42
125000;39;496;202.369
125000;40;383;148.644
125000;41;386;142.676
125000;42;533;187.849
125000;43;590;198.488
125000;44;427;137.268
125000;45;315;96.8613
125000;46;254;74.781
125000;47;202;56.9939
125000;48;233;63.0576
125000;49;299;77.683
125000;50;326;81.3768
125000;51;391;93.8488
125000;52;449;103.704
125000;53;539;119.881
125000;54;561;120.237
125000;55;610;126.07
125000;56;670;133.612
125000;57;747;143.832
125000;58;733;136.352
125000;59;651;117.062
125000;60;595;103.485
125000;61;496;83.4838
125000;62;513;83.6042
125000;63;524;82.7285
125000;64;528;80.7953
125000;65;534;79.2374
125000;66;518;74.569
125000;67;483;67.4857
125000;68;494;67.0221
125000;69;531;69.9838
125000;70;572;73.264
125000;71;666;82.9345
125000;72;731;88.5349
125000;73;752;88.6169
125000;74;751;86.1392
125000;75;775;86.5529
125000;76;739;80.3888
125000;77;747;79.1756
125000;78;764;78.9275
125000;79;758;76.3501
125000;80;681;66.9006
125000;81;662;63.4479
125000;82;651;60.8903
125000;83;628;57.3405
125000;84;668;59.5577
125000;85;657;57.2148
125000;86;641;54.5382
125000;87;698;58.0383
125000;88;720;58.5223
125000;89;706;56.1092
125000;90;807;62.7266
125000;91;806;61.287
125000;92;819;60.9363
125000;93;879;64.0091
125000;94;856;61.022
125000;95;816;56.9586
125000;96;830;56.7414
125000;97;826;55.3155
125000;98;773;50.7205
125000;99;815;52.4068
125000;100;809;50.9909
125000;101;769;47.5194
125000;102;724;43.87
125000;103;753;44.7498
125000;104;818;47.6867
125000;105;798;45.6431
125000;106;813;45.6319
125000;107;799;44.0156
125000;108;857;46.3445
125000;109;862;45.7674
125000;110;848;44.2128
125000;111;917;46.9566
125000;112;875;44.0129
125000;113;983;48.5779
125000;114;865;42.0032
125000;115;958;45.7171
125000;116;842;39.4946
125000;117;882;40.6696
125000;118;912;41.3462
125000;119;864;38.5173
125000;120;889;38.9767
125000;121;860;37.0872
125000;122;853;36.1872
125000;123;881;36.7722
125000;124;839;34.4589
125000;125;913;36.903
125000;126;949;37.754
125000;127;934;36.5767
125000;128;940;36.2409
125000;129;969;36.7843
125000;130;895;33.4565
125000;131;968;35.6371
125000;132;977;35.4275
125000;133;937;33.47
125000;134;1005;35.3671
125000;135;1016;35.2284
125000;136;915;31.2632
125000;137;940;31.652
125000;138;910;30.2009
125000;139;885;28.9516
125000;140;932;30.0567
125000;141;930;29.5698
125000;142;965;30.2535
125000;143;932;28.8131
125000;144;910;27.745
125000;145;971;29.1992
125000;146;971;28.802
125000;147;954;27.9153
125000;148;948;27.3674
125000;149;966;27.5152
125000;150;977;27.46
125000;151;948;26.2943
125000;152;927;25.3757
125000;153;961;25.9648
125000;154;960;25.6031
125000;155;922;24.2744
125000;156;932;24.2251
125000;157;906;23.2512
125000;158;889;22.528
125000;159;870;21.7709
125000;160;867;21.4263
125000;161;877;21.4059
125000;162;899;21.6736
125000;163;940;22.3857
125000;164;854;20.0912
125000;165;843;19.5934
125000;166;838;19.244
125000;167;873;19.809
125000;168;838;18.7898
125000;169;821;18.1921
125000;170;839;18.3735
125000;171;832;18.0084
125000;172;769;16.4523
125000;173;802;16.9611
125000;174;768;16.0564
125000;175;694;14.3445
125000;176;709;14.4889
125000;177;704;14.2251
125000;178;675;13.4867
125000;179;683;13.4949
125000;180;669;13.0723
125000;181;613;11.8464
125000;182;595;11.3729
125000;183;636;12.0244
125000;184;633;11.8383
125000;185;583;10.786
125000;186;572;10.4693
125000;187;512;9.27143
125000;188;549;9.83623
125000;189;512;9.07676
125000;190;514;9.0168
125000;191;482;8.36736
125000;192;480;8.2463
125000;193;417;7.09011
125000;194;462;7.77467
125000;195;418;6.96245
125000;196;392;6.46309
125000;197;419;6.83847
125000;198;372;6.01037
125000;199;367;5.87029
125000;200;350;5.54266
125000;201;344;5.39371
125000;202;335;5.20085
125000;203;333;5.11911
125000;204;348;5.29751
125000;205;326;4.91443
125000;206;291;4.34442
125000;207;281;4.15479
125000;208;281;4.11503
125000;209;274;3.97431
125000;210;231;3.31885
125000;211;254;3.61487
125000;212;224;3.15798
125000;213;217;3.0307
125000;214;228;3.15471
125000;215;201;2.75538
125000;216;217;2.94729
125000;217;181;2.43579
125000;218;194;2.58689
125000;219;166;2.1934
125000;220;179;2.34377
125000;221;153;1.98529
125000;222;143;1.83889
125000;223;151;1.92443
125000;224;148;1.86943
125000;225;123;1.5399
125000;226;129;1.60078
125000;227;121;1.48834
125000;228;115;1.40218
125000;229;114;1.3779
125000;230;87;1.04245
125000;231;79;0.938436
125000;232;84;0.989265
125000;233;92;1.07422
125000;234;74;0.856694
125000;235;89;1.02162
125000;236;79;0.899175
125000;237;72;0.812615
125000;238;61;0.682704
125000;239;63;0.699212
125000;240;53;0.583345
125000;241;44;0.480284
125000;242;45;0.487157
125000;243;42;0.450953
125000;244;35;0.372726
125000;245;35;0.369696
125000;246;29;0.303839
125000;247;32;0.332567
125000;248;31;0.319587
125000;249;32;0.327257
125000;250;34;0.34494
125000;251;26;0.261684
125000;252;33;0.329512
125000;253;18;0.178318
125000;254;25;0.245722
125000;255;17;0.165786
125000;256;12;0.116114
125000;257;11;0.105613
125000;258;18;0.171487
125000;259;12;0.113445
125000;260;9;0.0844319
125000;261;9;0.0837874
125000;262;2;0.0184778
125000;263;4;0.0366757
125000;264;5;0.0454986
125000;265;9;0.0812818
125000;266;12;0.107564
125000;267;5;0.0444838
125000;268;10;0.0883062
125000;269;7;0.0613564
125000;270;7;0.0609036
125000;271;4;0.0345462
125000;272;2;0.0171465
125000;273;5;0.0425535
125000;274;2;0.0168976
125000;275;0;0
125000;276;3;0.024981
125000;277;2;0.0165342
125000;278;3;0.0246235
125000;279;1;0.00814922
125000;280;0;0
125000;281;0;0
125000;282;1;0.00797706
125000;283;1;0.00792088
125000;284;2;0.0157306
125000;285;2;0.0156206
125000;286;1;0.00775587
125000;287;1;0.00770201
125000;288;0;0
125000;289;0;0
125000;290;1;0.00754375
150000;0;0;0
150000;1;0;0
150000;2;0;0
150000;3;0;0
150000;4;0;0
150000;5;0;0
150000;6;0;0
150000;7;0;0
150000;8;0;0
150000;9;0;0
150000;10;0;0
150000;11;0;0
150000;12;0;0
150000;13;0;0
150000;14;0;0
150000;15;0;0
150000;16;0;0
150000;17;0;0
150000;18;0;0
150000;19;0;0
150000;20;39;59.0678
150000;21;870;1197.97
150000;22;778;978.19
150000;23;295;340.017
150000;24;114;120.891
150000;25;68;66.5661
150000;26;59;53.4797
150000;27;54;45.4528
150000;28;62;48.589
150000;29;78;57.0544
150000;30;105;71.8507
150000;31;140;89.8154
150000;32;149;89.7977
150000;33;151;85.6515
150000;34;168;89.8506
150000;35;275;138.908
150000;36;400;191.129
150000;37;542;245.353
150000;38;622;267.131
150000;39;524;213.793
150000;40;392;152.137
150000;41;379;140.088
150000;42;519;182.915
150000;43;576;193.778
150000;44;452;145.305
150000;45;321;98.7063
150000;46;240;70.6592
150000;47;224;63.2011
150000;48;259;70.094
150000;49;288;74.8251
150000;50;315;78.631
150000;51;387;92.8887
150000;52;459;106.013
150000;53;526;116.989
150000;54;566;121.309
150000;55;608;125.657
150000;56;696;138.797
150000;57;742;142.869
150000;58;715;133.004
150000;59;688;123.716
150000;60;612;106.441
150000;61;486;81.8006
150000;62;496;80.8337
150000;63;542;85.5703
150000;64;538;82.3255
150000;65;528;78.3471
150000;66;509;73.2734
150000;67;484;67.6254
150000;68;499;67.7005
150000;69;514;67.7433
150000;70;616;78.8997
150000;71;650;80.9421
150000;72;744;90.1094
150000;73;730;86.0244
150000;74;791;90.7272
150000;75;758;84.6543
150000;76;751;81.6942
150000;77;768;81.4014
150000;78;757;78.2043
150000;79;765;77.0551
150000;80;721;70.8301
150000;81;645;61.8186
150000;82;636;59.4873
150000;83;639;58.3449
150000;84;656;58.4878
150000;85;639;55.6473
150000;86;691;58.7924
150000;87;676;56.209
150000;88;743;60.3918
150000;89;734;58.3345
150000;90;801;62.2603
150000;91;821;62.4276
150000;92;821;61.0851
150000;93;941;68.5239
150000;94;798;56.8873
150000;95;832;58.0755
150000;96;819;55.9894
150000;97;806;53.9762
150000;98;808;53.017
150000;99;855;54.9789
150000;100;764;48.1546
150000;101;756;46.7161
150000;102;773;46.8391
150000;103;747;44.3932
150000;104;775;45.18
150000;105;838;47.9309
150000;106;792;44.4532
150000;107;838;46.1641
150000;108;865;46.7771
150000;109;872;46.2983
150000;110;853;44.4735
150000;111;897;45.9325
150000;112;918;46.1759
150000;113;951;46.9966
150000;114;902;43.7999
150000;115;897;42.8061
150000;116;854;40.0575
150000;117;883;40.7158
150000;118;950;43.069
150000;119;867;38.651
150000;120;876;38.4068
150000;121;847;36.5265
150000;122;846;35.8902
150000;123;861;35.9374
150000;124;901;37.0053
150000;125;895;36.1754
150000;126;954;37.9529
150000;127;927;36.3026
150000;128;948;36.5494
150000;129;966;36.6704
150000;130;948;35.4377
150000;131;950;34.9744
150000;132;946;34.3034
150000;133;949;33.8986
150000;134;978;34.417
150000;135;1015;35.1938
150000;136;937;32.0149
150000;137;940;31.652
150000;138;890;29.5372
150000;139;952;31.1435
150000;140;896;28.8957
150000;141;901;28.6477
150000;142;946;29.6579
150000;143;939;29.0295
150000;144;944;28.7816
150000;145;946;28.4475
150000;146;972;28.8316
150000;147;993;29.0565
150000;148;897;25.8951
150000;149;1011;28.797
150000;150;953;26.7854
150000;151;906;25.1294
150000;152;922;25.2389
150000;153;955;25.8027
150000;154;953;25.4164
150000;155;946;24.9063
150000;156;924;24.0172
150000;157;910;23.3539
150000;158;877;22.2239
150000;159;880;22.0212
150000;160;883;21.8217
150000;161;904;22.0649
150000;162;871;20.9986
150000;163;877;20.8854
150000;164;888;20.891
150000;165;836;19.4307
150000;166;826;18.9684
150000;167;857;19.446
150000;168;810;18.162
150000;169;841;18.6353
150000;170;847;18.5487
150000;171;815;17.6404
150000;172;783;16.7518
150000;173;766;16.1998
150000;174;768;16.0564
150000;175;692;14.3031
150000;176;735;15.0202
150000;177;726;14.6696
150000;178;613;12.2479
150000;179;668;13.1986
150000;180;676;13.209
150000;181;619;11.9623
150000;182;619;11.8316
150000;183;581;10.9846
150000;184;641;11.9879
150000;185;593;10.971
150000;186;528;9.66396
150000;187;525;9.50683
150000;188;526;9.42415
150000;189;527;9.34268
150000;190;515;9.03434
150000;191;509;8.83607
150000;192;455;7.8168
150000;193;414;7.03911
150000;194;450;7.57273
150000;195;427;7.11236
150000;196;390;6.43011
150000;197;380;6.20195
150000;198;380;6.13962
150000;199;352;5.63036
150000;200;350;5.54266
150000;201;338;5.29963
150000;202;355;5.51134
150000;203;318;4.88852
150000;204;354;5.38885
150000;205;315;4.74861
150000;206;280;4.1802
150000;207;287;4.24351
150000;208;265;3.88073
150000;209;271;3.9308
150000;210;250;3.59182
150000;211;223;3.17368
150000;212;235;3.31306
150000;213;226;3.1564
150000;214;216;2.98867
150000;215;208;2.85133
150000;216;200;2.7164
150000;217;192;2.58382
150000;218;177;2.36021
150000;219;177;2.33875
150000;220;168;2.19974
150000;221;152;1.97231
150000;222;153;1.96748
150000;223;156;1.98815
150000;224;132;1.66733
150000;225;124;1.55242
150000;226;127;1.57597
150000;227;125;1.53754
150000;228;111;1.35341
150000;229;101;1.22077
150000;230;104;1.24615
150000;231;68;0.807767
150000;232;94;1.10704
150000;233;81;0.945781
150000;234;78;0.903001
150000;235;89;1.02162
150000;236;80;0.910557
150000;237;68;0.76747
150000;238;56;0.626745
150000;239;66;0.732508
150000;240;49;0.539319
150000;241;47;0.51303
150000;242;44;0.476331
150000;243;42;0.450953
150000;244;28;0.298181
150000;245;35;0.369696
150000;246;25;0.26193
150000;247;33;0.34296
150000;248;27;0.27835
150000;249;37;0.37839
150000;250;34;0.34494
150000;251;27;0.271749
150000;252;22;0.219674
150000;253;27;0.267478
150000;254;24;0.235893
150000;255;17;0.165786
150000;256;12;0.116114
150000;257;16;0.153619
150000;258;10;0.0952705
150000;259;13;0.122899
150000;260;11;0.103195
150000;261;8;0.0744777
150000;262;2;0.0184778
150000;263;6;0.0550135
150000;264;4;0.0363989
150000;265;10;0.0903131
150000;266;10;0.0896366
150000;267;8;0.0711741
150000;268;7;0.0618143
150000;269;6;0.0525912
150000;270;8;0.0696041
150000;271;3;0.0259096
150000;272;3;0.0257198
150000;273;6;0.0510642
150000;274;1;0.0084488
150000;275;0;0
150000;276;2;0.016654
150000;277;2;0.0165342
150000;278;3;0.0246235
150000;279;1;0.00814922
150000;280;0;0
150000;281;0;0
150000;282;1;0.00797706
150000;283;1;0.00792088
150000;284;3;0.0235959
150000;285;1;0.0078103
150000;286;1;0.00775587
150000;287;0;0
150000;288;1;0.00764871
150000;289;0;0
150000;290;1;0.00754375
175000;0;0;0
175000;1;0;0
175000;2;0;0
175000;3;0;0
175000;4;0;0
175000;5;0;0
175000;6;0;0
175000;7;0;0
175000;8;0;0
175000;9;0;0
175000;10;0;0
175000;11;0;0
175000;12;0;0
175000;13;0;0
175000;14;0;0
175000;15;0;0
175000;16;0;0
175000;17;0;0
175000;18;0;0
175000;19;0;0
175000;20;43;65.1261
175000;21;846;1164.92
175000;22;802;1008.37
175000;23;297;342.322
175000;24;115;121.951
175000;25;66;64.6083
175000;26;58;52.5733
175000;27;49;41.2442
175000;28;62;48.589
175000;29;77;56.3229
175000;30;102;69.7978
175000;31;152;97.5138
175000;32;142;85.5791
175000;33;138;78.2776
175000;34;195;104.291
175000;35;253;127.795
175000;36;394;188.262
175000;37;562;254.406
175000;38;634;272.285
175000;39;514;209.713
175000;40;392;152.137
175000;41;374;138.24
175000;42;538;189.611
175000;43;565;190.078
175000;44;440;141.447
175000;45;327;100.551
175000;46;228;67.1262
175000;47;210;59.2511
175000;48;270;73.071
175000;49;296;76.9036
175000;50;324;80.8776
175000;51;388;93.1287
175000;52;478;110.402
175000;53;544;120.993
175000;54;540;115.736
175000;55;614;126.897
175000;56;697;138.997
175000;57;739;142.291
175000;58;698;129.841
175000;59;699;125.694
175000;60;602;104.702
175000;61;484;81.464
175000;62;491;80.0189
175000;63;553;87.307
175000;64;525;80.3362
175000;65;518;76.8633
175000;66;528;76.0086
175000;67;481;67.2063
175000;68;501;67.9718
175000;69;584;76.969
175000;70;589;75.4414
175000;71;650;80.9421
175000;72;733;88.7772
175000;73;741;87.3206
175000;74;781;89.5802
175000;75;740;82.644
175000;76;758;82.4556
175000;77;778;82.4613
175000;78;731;75.5183
175000;79;796;80.1776
175000;80;685;67.2935
175000;81;653;62.5853
175000;82;688;64.351
175000;83;591;53.9622
175000;84;672;59.9144
175000;85;661;57.5631
175000;86;656;55.8145
175000;87;665;55.2944
175000;88;744;60.4731
175000;89;796;63.262
175000;90;781;60.7057
175000;91;817;62.1235
175000;92;804;59.8203
175000;93;907;66.0481
175000;94;861;61.3784
175000;95;780;54.4458
175000;96;830;56.7414
175000;97;807;54.0431
175000;98;797;52.2953
175000;99;848;54.5288
175000;100;816;51.4321
175000;101;764;47.2104
175000;102;723;43.8094
175000;103;750;44.5715
175000;104;824;48.0365
175000;105;790;45.1855
175000;106;812;45.5757
175000;107;823;45.3377
175000;108;843;45.5874
175000;109;890;47.254
175000;110;878;45.777
175000;111;885;45.318
175000;112;932;46.8801
175000;113;931;46.0082
175000;114;923;44.8196
175000;115;865;41.279
175000;116;891;41.793
175000;117;847;39.0558
175000;118;905;41.0289
175000;119;882;39.3197
175000;120;899;39.4152
175000;121;888;38.2946
175000;122;828;35.1266
175000;123;878;36.647
175000;124;860;35.3214
175000;125;917;37.0646
175000;126;948;37.7142
175000;127;965;37.7907
175000;128;929;35.8169
175000;129;959;36.4047
175000;130;916;34.2415
175000;131;930;34.2381
175000;132;964;34.9561
175000;133;954;34.0772
175000;134;983;34.5929
175000;135;1035;35.8872
175000;136;870;29.7257
175000;137;978;32.9315
175000;138;877;29.1057
175000;139;929;30.391
175000;140;981;31.637
175000;141;871;27.6939
175000;142;942;29.5325
175000;143;922;28.504
175000;144;969;29.5438
175000;145;930;27.9663
175000;146;984;29.1876
175000;147;985;28.8224
175000;148;878;25.3466
175000;149;987;28.1134
175000;150;967;27.1789
175000;151;938;26.0169
175000;152;923;25.2662
175000;153;959;25.9108
175000;154;958;25.5498
175000;155;952;25.0643
175000;156;885;23.0035
175000;157;890;22.8406
175000;158;901;22.8321
175000;159;895;22.3965
175000;160;855;21.1298
175000;161;893;21.7964
175000;162;863;20.8057
175000;163;905;21.5522
175000;164;888;20.891
175000;165;794;18.4545
175000;166;854;19.6114
175000;167;865;19.6275
175000;168;838;18.7898
175000;169;800;17.7268
175000;170;816;17.8698
175000;171;843;18.2464
175000;172;785;16.7946
175000;173;774;16.369
175000;174;720;15.0529
175000;175;759;15.688
175000;176;697;14.2437
175000;177;660;13.336
175000;178;690;13.7864
175000;179;661;13.0603
175000;180;681;13.3067
175000;181;625;12.0783
175000;182;599;11.4493
175000;183;610;11.5329
175000;184;604;11.296
175000;185;588;10.8785
175000;186;533;9.75548
175000;187;546;9.88711
175000;188;512;9.17332
175000;189;535;9.4845
175000;190;506;8.87646
175000;191;495;8.59304
175000;192;461;7.91988
175000;193;428;7.27714
175000;194;444;7.47176
175000;195;426;7.0957
175000;196;405;6.67743
175000;197;393;6.41413
175000;198;368;5.94574
175000;199;360;5.75832
175000;200;340;5.3843
175000;201;330;5.1742
175000;202;332;5.15427
175000;203;346;5.31896
175000;204;341;5.19095
175000;205;331;4.98981
175000;206;304;4.5385
175000;207;263;3.88865
175000;208;280;4.10039
175000;209;256;3.71322
175000;210;252;3.62056
175000;211;232;3.30177
175000;212;233;3.28486
175000;213;239;3.33796
175000;214;205;2.83647
175000;215;215;2.94729
175000;216;193;2.62132
175000;217;194;2.61073
175000;218;180;2.40021
175000;219;164;2.16698
175000;220;167;2.18665
175000;221;173;2.2448
175000;222;156;2.00606
175000;223;149;1.89894
175000;224;134;1.69259
175000;225;131;1.64005
175000;226;130;1.61319
175000;227;123;1.51294
175000;228;123;1.49973
175000;229;98;1.18451
175000;230;97;1.16228
175000;231;70;0.831525
175000;232;83;0.977488
175000;233;90;1.05087
175000;234;80;0.926155
175000;235;73;0.837955
175000;236;89;1.01299
175000;237;64;0.722324
175000;238;62;0.693896
175000;239;62;0.688114
175000;240;53;0.583345
175000;241;52;0.567608
175000;242;49;0.530459
175000;243;33;0.35432
175000;244;31;0.330129
175000;245;33;0.34857
175000;246;31;0.324794
175000;247;31;0.322174
175000;248;32;0.329896
175000;249;33;0.337483
175000;250;29;0.294213
175000;251;30;0.301943
175000;252;28;0.279586
175000;253;21;0.208038
175000;254;22;0.216235
175000;255;17;0.165786
175000;256;10;0.096762
175000;257;18;0.172821
175000;258;7;0.0666894
175000;259;18;0.170168
175000;260;7;0.0656693
175000;261;10;0.0930971
175000;262;4;0.0369557
175000;263;5;0.0458446
175000;264;3;0.0272992
175000;265;8;0.0722504
175000;266;11;0.0986002
175000;267;8;0.0711741
175000;268;7;0.0618143
175000;269;7;0.0613564
175000;270;9;0.0783047
175000;271;3;0.0259096
175000;272;4;0.0342931
175000;273;4;0.0340428
175000;274;1;0.0084488
175000;275;1;0.00838758
175000;276;1;0.00832702
175000;277;3;0.0248013
175000;278;2;0.0164157
175000;279;1;0.00814922
175000;280;0;0
175000;281;1;0.00803383
175000;282;0;0
175000;283;2;0.0158418
175000;284;2;0.0157306
175000;285;0;0
175000;286;2;0.0155117
175000;287;0;0
175000;288;1;0.00764871
175000;289;1;0.00759596
200000;0;0;0
200000;1;0;0
200000;2;0;0
200000;3;0;0
200000;4;0;0
200000;5;0;0
200000;6;0;0
200000;7;0;0
200000;8;0;0
200000;9;0;0
200000;10;0;0
200000;11;0;0
200000;12;0;0
200000;13;0;0
200000;14;0;0
200000;15;0;0
200000;16;0;0
200000;17;0;0
200000;18;0;0
200000;19;0;0
200000;20;49;74.2134
200000;21;827;1138.76
200000;22;811;1019.68
200000;23;298;343.475
200000;24;109;115.588
200000;25;68;66.5661
200000;26;59;53.4797
200000;27;54;45.4528
200000;28;63;49.3726
200000;29;74;54.1285
200000;30;110;75.2721
200000;31;133;85.3246
200000;32;159;95.8244
200000;33;135;76.5759
200000;34;183;97.8729
200000;35;254;128.301
200000;36;402;192.085
200000;37;559;253.048
200000;38;624;267.99
200000;39;510;208.081
200000;40;397;154.077
200000;41;386;142.676
200000;42;522;183.972
200000;43;562;189.068
200000;44;452;145.305
200000;45;336;103.319
200000;46;237;69.776
200000;47;192;54.1724
200000;48;272;73.6123
200000;49;298;77.4232
200000;50;335;83.6234
200000;51;368;88.3283
200000;52;472;109.016
200000;53;542;120.548
200000;54;532;114.021
200000;55;611;126.277
200000;56;704;140.393
200000;57;747;143.832
200000;58;713;132.632
200000;59;676;121.558
200000;60;611;106.268
200000;61;491;82.6422
200000;62;510;83.1153
200000;63;550;86.8333
200000;64;506;77.4288
200000;65;523;77.6052
200000;66;531;76.4404
200000;67;490;68.4638
200000;68;518;70.2783
200000;69;540;71.17
200000;70;579;74.1606
200000;71;681;84.8024
200000;72;687;83.2059
200000;73;756;89.0883
200000;74;808;92.6771
200000;75;747;83.4258
200000;76;729;79.301
200000;77;780;82.6733
200000;78;775;80.0639
200000;79;739;74.4363
200000;80;722;70.9284
200000;81;665;63.7355
200000;82;626;58.5519
200000;83;660;60.2623
200000;84;628;55.9914
200000;85;663;57.7373
200000;86;682;58.0266
200000;87;689;57.29
200000;88;742;60.3105
200000;89;721;57.3013
200000;90;823;63.9703
200000;91;811;61.6672
200000;92;827;61.5316
200000;93;930;67.7229
200000;94;810;57.7428
200000;95;832;58.0755
200000;96;781;53.3916
200000;97;835;55.9182
200000;98;743;48.752
200000;99;914;58.7728
200000;100;775;48.8479
200000;101;751;46.4071
200000;102;772;46.7785
200000;103;722;42.9075
200000;104;832;48.5029
200000;105;813;46.501
200000;106;791;44.3971
200000;107;832;45.8335
200000;108;859;46.4527
200000;109;819;43.4843
200000;110;894;46.6112
200000;111;899;46.0349
200000;112;948;47.6849
200000;113;943;46.6012
200000;114;905;43.9456
200000;115;888;42.3766
200000;116;880;41.277
200000;117;867;39.978
200000;118;872;39.5328
200000;119;913;40.7017
200000;120;916;40.1605
200000;121;828;35.7072
200000;122;871;36.9508
200000;123;867;36.1879
200000;124;859;35.2803
200000;125;899;36.3371
200000;126;940;37.396
200000;127;972;38.0648
200000;128;931;35.894
200000;129;978;37.1259
200000;130;887;33.1574
200000;131;962;35.4162
200000;132;950;34.4485
200000;133;1000;35.7203
200000;134;991;34.8744
200000;135;962;33.3561
200000;136;960;32.8008
200000;137;914;30.7765
200000;138;865;28.7075
200000;139;970;31.7323
200000;140;911;29.3795
200000;141;928;29.5062
200000;142;919;28.8114
200000;143;928;28.6895
200000;144;958;29.2084
200000;145;979;29.4398
200000;146;966;28.6537
200000;147;979;28.6469
200000;148;880;25.4044
200000;149;990;28.1988
200000;150;984;27.6567
200000;151;910;25.2403
200000;152;935;25.5947
200000;153;961;25.9648
200000;154;919;24.5097
200000;155;969;25.5118
200000;156;916;23.8092
200000;157;894;22.9433
200000;158;872;22.0972
200000;159;871;21.7959
200000;160;879;21.7229
200000;161;886;21.6256
200000;162;887;21.3843
200000;163;901;21.457
200000;164;876;20.6087
200000;165;798;18.5475
200000;166;892;20.484
200000;167;843;19.1283
200000;168;841;18.8571
200000;169;819;18.1478
200000;170;777;17.0158
200000;171;849;18.3763
200000;172;803;17.1797
200000;173;763;16.1363
200000;174;773;16.161
200000;175;689;14.2411
200000;176;718;14.6728
200000;177;703;14.2049
200000;178;667;13.3269
200000;179;662;13.08
200000;180;646;12.6228
200000;181;612;11.8271
200000;182;614;11.736
200000;183;589;11.1358
200000;184;649;12.1375
200000;185;560;10.3605
200000;186;565;10.3412
200000;187;509;9.2171
200000;188;551;9.87206
200000;189;502;8.89948
200000;190;512;8.98171
200000;191;477;8.28056
200000;192;484;8.31502
200000;193;445;7.56619
200000;194;427;7.18568
200000;195;408;6.79588
200000;196;401;6.61148
200000;197;405;6.60998
200000;198;354;5.71954
200000;199;369;5.90228
200000;200;335;5.30512
200000;201;356;5.58186
200000;202;326;5.06112
200000;203;330;5.07299
200000;204;347;5.28229
200000;205;314;4.73353
200000;206;296;4.41907
200000;207;272;4.02172
200000;208;273;3.99788
200000;209;277;4.01782
200000;210;250;3.59182
200000;211;225;3.20215
200000;212;234;3.29896
200000;213;219;3.05864
200000;214;230;3.18238
200000;215;195;2.67313
200000;216;194;2.63491
200000;217;189;2.54345
200000;218;184;2.45355
200000;219;181;2.3916
200000;220;154;2.01643
200000;221;158;2.05017
200000;222;165;2.12179
200000;223;133;1.69502
200000;224;141;1.78101
200000;225;138;1.72769
200000;226;116;1.43946
200000;227;123;1.51294
200000;228;118;1.43876
200000;229;112;1.35373
200000;230;98;1.17426
200000;231;67;0.795889
200000;232;100;1.1777
200000;233;85;0.992487
200000;234;70;0.810386
200000;235;97;1.11345
200000;236;72;0.819501
200000;237;67;0.756183
200000;238;68;0.761047
200000;239;60;0.665916
200000;240;49;0.539319
200000;241;36;0.392959
200000;242;49;0.530459
200000;243;47;0.504637
200000;244;38;0.404674
200000;245;26;0.274631
200000;246;26;0.272407
200000;247;35;0.363745
200000;248;30;0.309277
200000;249;31;0.31703
200000;250;34;0.34494
200000;251;30;0.301943
200000;252;27;0.2696
200000;253;25;0.247664
200000;254;21;0.206406
200000;255;16;0.156033
200000;256;16;0.154819
200000;257;16;0.153619
200000;258;8;0.0762164
200000;259;15;0.141806
200000;260;9;0.0844319
200000;261;9;0.0837874
200000;262;2;0.0184778
200000;263;4;0.0366757
200000;264;5;0.0454986
200000;265;12;0.108376
200000;266;10;0.0896366
200000;267;6;0.0533806
200000;268;9;0.0794756
200000;269;3;0.0262956
200000;270;9;0.0783047
200000;271;5;0.0431827
200000;272;1;0.00857327
200000;273;6;0.0510642
200000;274;3;0.0253464
200000;275;1;0.00838758
200000;276;1;0.00832702
200000;277;3;0.0248013
200000;278;1;0.00820785
200000;279;2;0.0162984
200000;280;1;0.00809122
200000;281;0;0
200000;282;1;0.00797706
200000;283;1;0.00792088
200000;284;3;0.0235959
200000;285;1;0.0078103
200000;286;1;0.00775587
200000;287;1;0.00770201
200000;288;0;0
200000;289;0;0
200000;290;0;0
200000;291;1;0.00749208
225000;0;0;0
225000;1;0;0
225000;2;0;0
225000;3;0;0
225000;4;0;0
225000;5;0;0
225000;6;0;0
225000;7;0;0
225000;8;0;0
225000;9;0;0
225000;10;0;0
225000;11;0;0
225000;12;0;0
225000;13;0;0
225000;14;0;0
225000;15;0;0
225000;16;0;0
225000;17;0;0
225000;18;0;0
225000;19;0;0
225000;20;49;74.2134
225000;21;839;1155.28
225000;22;800;1005.85
225000;23;292;336.559
225000;24;124;131.495
225000;25;64;62.6504
225000;26;47;42.6025
225000;27;60;50.5031
225000;28;57;44.6705
225000;29;75;54.86
225000;30;114;78.0093
225000;31;143;91.74
225000;32;154;92.8111
225000;33;136;77.1431
225000;34;178;95.1988
225000;35;254;128.301
225000;36;420;200.686
225000;37;539;243.995
225000;38;625;268.42
225000;39;530;216.241
225000;40;376;145.927
225000;41;368;136.022
225000;42;553;194.898
225000;43;553;186.041
225000;44;451;144.983
225000;45;335;103.011
225000;46;225;66.243
225000;47;211;59.5332
225000;48;242;65.4933
225000;49;296;76.9036
225000;50;338;84.3723
225000;51;389;93.3688
225000;52;486;112.25
225000;53;528;117.434
225000;54;538;115.307
225000;55;609;125.863
225000;56;733;146.176
225000;57;711;136.9
225000;58;748;139.142
225000;59;676;121.558
225000;60;580;100.876
225000;61;496;83.4838
225000;62;494;80.5078
225000;63;546;86.2018
225000;64;544;83.2436
225000;65;515;76.4181
225000;66;505;72.6976
225000;67;500;69.861
225000;68;487;66.0724
225000;69;541;71.3018
225000;70;595;76.2099
225000;71;681;84.8024
225000;72;733;88.7772
225000;73;733;86.3779
225000;74;779;89.3508
225000;75;753;84.0959
225000;76;760;82.6732
225000;77;746;79.0696
225000;78;811;83.783
225000;79;712;71.7167
225000;80;703;69.0618
225000;81;656;62.8729
225000;82;629;58.8325
225000;83;639;58.3449
225000;84;648;57.7746
225000;85;686;59.7403
225000;86;678;57.6863
225000;87;670;55.7101
225000;88;756;61.4484
225000;89;708;56.2682
225000;90;807;62.7266
225000;91;817;62.1235
225000;92;855;63.6149
225000;93;854;62.1886
225000;94;857;61.0933
225000;95;820;57.2378
225000;96;794;54.2803
225000;97;822;55.0477
225000;98;811;53.2139
225000;99;840;54.0144
225000;100;772;48.6588
225000;101;783;48.3845
225000;102;765;46.3543
225000;103;714;42.4321
225000;104;814;47.4535
225000;105;821;46.9586
225000;106;788;44.2287
225000;107;856;47.1557
225000;108;808;43.6947
225000;109;886;47.0417
225000;110;873;45.5163
225000;111;897;45.9325
225000;112;927;46.6286
225000;113;911;45.0198
225000;114;969;47.0533
225000;115;855;40.8018
225000;116;859;40.292
225000;117;895;41.2691
225000;118;908;41.1649
225000;119;893;39.8101
225000;120;885;38.8013
225000;121;831;35.8365
225000;122;865;36.6962
225000;123;875;36.5218
225000;124;858;35.2392
225000;125;940;37.9943
225000;126;904;35.9638
225000;127;947;37.0858
225000;128;934;36.0096
225000;129;975;37.012
225000;130;929;34.7274
225000;131;984;36.2261
225000;132;946;34.3034
225000;133;957;34.1844
225000;134;1009;35.5079
225000;135;988;34.2576
225000;136;918;31.3657
225000;137;940;31.652
225000;138;880;29.2053
225000;139;966;31.6014
225000;140;900;29.0247
225000;141;897;28.5205
225000;142;958;30.0341
225000;143;937;28.9677
225000;144;972;29.6353
225000;145;931;27.9964
225000;146;973;28.8613
225000;147;983;28.7639
225000;148;930;26.8478
225000;149;985;28.0564
225000;150;950;26.7011
225000;151;926;25.6841
225000;152;964;26.3886
225000;153;961;25.9648
225000;154;958;25.5498
225000;155;920;24.2218
225000;156;923;23.9912
225000;157;888;22.7893
225000;158;887;22.4773
225000;159;864;21.6208
225000;160;847;20.9321
225000;161;923;22.5287
225000;162;844;20.3477
225000;163;930;22.1476
225000;164;898;21.1263
225000;165;820;19.0588
225000;166;867;19.9099
225000;167;852;19.3325
225000;168;827;18.5432
225000;169;818;18.1256
225000;170;810;17.7384
225000;171;827;17.9001
225000;172;801;17.1369
225000;173;760;16.0729
225000;174;765;15.9937
225000;175;724;14.9645
225000;176;699;14.2846
225000;177;704;14.2251
225000;178;651;13.0072
225000;179;694;13.7123
225000;180;630;12.3102
225000;181;615;11.885
225000;182;598;11.4302
225000;183;603;11.4005
225000;184;640;11.9692
225000;185;604;11.1745
225000;186;501;9.16978
225000;187;547;9.90521
225000;188;542;9.71082
225000;189;523;9.27176
225000;190;504;8.84137
225000;191;490;8.50624
225000;192;481;8.26348
225000;193;427;7.26014
225000;194;415;6.98374
225000;195;446;7.42883
225000;196;381;6.28173
225000;197;385;6.28356
225000;198;377;6.09115
225000;199;352;5.63036
225000;200;380;6.01775
225000;201;308;4.82925
225000;202;327;5.07665
225000;203;360;5.53418
225000;204;322;4.90172
225000;205;340;5.12548
225000;206;263;3.9264
225000;207;271;4.00694
225000;208;305;4.4665
225000;209;253;3.66971
225000;210;249;3.57746
225000;211;247;3.51524
225000;212;206;2.90421
225000;213;234;3.26813
225000;214;207;2.86415
225000;215;222;3.04325
225000;216;198;2.68923
225000;217;185;2.48962
225000;218;187;2.49355
225000;219;161;2.12734
225000;220;171;2.23902
225000;221;164;2.12802
225000;222;144;1.85175
225000;223;154;1.96266
225000;224;134;1.69259
225000;225;128;1.60249
225000;226;111;1.37742
225000;227;135;1.66054
225000;228;110;1.34122
225000;229;110;1.32956
225000;230;80;0.958578
225000;231;86;1.02159
225000;232;102;1.20125
225000;233;73;0.852371
225000;234;76;0.879847
225000;235;87;0.998658
225000;236;71;0.808119
225000;237;79;0.891619
225000;238;59;0.66032
225000;239;59;0.654818
225000;240;46;0.506299
225000;241;41;0.447537
225000;242;50;0.541285
225000;243;47;0.504637
225000;244;27;0.287532
225000;245;33;0.34857
225000;246;36;0.37718
225000;247;23;0.239033
225000;248;30;0.309277
225000;249;34;0.34771
225000;250;36;0.36523
225000;251;27;0.271749
225000;252;28;0.279586
225000;253;24;0.237758
225000;254;20;0.196578
225000;255;15;0.146281
225000;256;14;0.135467
225000;257;10;0.0960119
225000;258;12;0.114325
225000;259;12;0.113445
225000;260;10;0.0938132
225000;261;9;0.0837874
225000;262;4;0.0369557
225000;263;4;0.0366757
225000;264;4;0.0363989
225000;265;13;0.117407
225000;266;10;0.0896366
225000;267;6;0.0533806
225000;268;8;0.0706449
225000;269;9;0.0788868
225000;270;7;0.0609036
225000;271;1;0.00863654
225000;272;3;0.0257198
225000;273;6;0.0510642
225000;274;1;0.0084488
225000;275;0;0
225000;276;1;0.00832702
225000;277;3;0.0248013
225000;278;2;0.0164157
225000;279;2;0.0162984
225000;280;0;0
225000;281;0;0
225000;282;0;0
225000;283;3;0.0237626
225000;284;0;0
225000;285;3;0.0234309
225000;286;1;0.00775587
225000;287;1;0.00770201
225000;288;0;0
225000;289;0;0
225000;290;1;0.00754375
250000;0;0;0
250000;1;0;0
250000;2;0;0
250000;3;0;0
250000;4;0;0
250000;5;0;0
250000;6;0;0
250000;7;0;0
250000;8;0;0
250000;9;0;0
250000;10;0;0
250000;11;0;0
250000;12;0;0
250000;13;0;0
250000;14;0;0
250000;15;0;0
250000;16;0;0
250000;17;0;0
250000;18;0;0
250000;19;0;0
250000;20;38;57.5533
250000;21;844;1162.16
250000;22;825;1037.28
250000;23;260;299.676
250000;24;123;130.435
250000;25;77;75.3763
250000;26;58;52.5733
250000;27;54;45.4528
250000;28;57;44.6705
250000;29;78;57.0544
250000;30;102;69.7978
250000;31;164;105.212
250000;32;128;77.1417
250000;33;148;83.9499
250000;34;177;94.664
250000;35;273;137.898
250000;36;390;186.351
250000;37;537;243.089
250000;38;619;265.843
250000;39;515;210.121
250000;40;402;156.018
250000;41;378;139.719
250000;42;535;188.554
250000;43;564;189.741
250000;44;452;145.305
250000;45;310;95.3238
250000;46;250;73.6033
250000;47;209;58.9689
250000;48;272;73.6123
250000;49;276;71.7074
250000;50;335;83.6234
250000;51;422;101.29
250000;52;435;100.47
250000;53;506;112.541
250000;54;574;123.023
250000;55;604;124.83
250000;56;687;137.003
250000;57;753;144.987
250000;58;715;133.004
250000;59;669;120.299
250000;60;615;106.963
250000;61;503;84.662
250000;62;510;83.1153
250000;63;514;81.1497
250000;64;523;80.0302
250000;65;498;73.8956
250000;66;547;78.7437
250000;67;478;66.7871
250000;68;543;73.6701
250000;69;488;64.3166
250000;70;594;76.0818
250000;71;690;85.9231
250000;72;721;87.3238
250000;73;720;84.846
250000;74;790;90.6125
250000;75;760;84.8777
250000;76;732;79.6273
250000;77;757;80.2355
250000;78;797;82.3367
250000;79;716;72.1196
250000;80;715;70.2407
250000;81;674;64.598
250000;82;667;62.3868
250000;83;621;56.7014
250000;84;631;56.2589
250000;85;649;56.5181
250000;86;642;54.6233
250000;87;719;59.7844
250000;88;732;59.4977
250000;89;768;61.0367
250000;90;769;59.773
250000;91;820;62.3516
250000;92;844;62.7964
250000;93;897;65.3199
250000;94;814;58.0279
250000;95;833;58.1453
250000;96;825;56.3995
250000;97;770;51.5653
250000;98;792;51.9672
250000;99;869;55.8792
250000;100;799;50.3606
250000;101;751;46.4071
250000;102;753;45.6272
250000;103;748;44.4526
250000;104;800;46.6374
250000;105;808;46.215
250000;106;802;45.0145
250000;107;852;46.9353
250000;108;858;46.3986
250000;109;850;45.1303
250000;110;832;43.3786
250000;111;922;47.2127
250000;112;923;46.4274
250000;113;963;47.5896
250000;114;908;44.0912
250000;115;900;42.9493
250000;116;823;38.6034
250000;117;879;40.5313
250000;118;922;41.7996
250000;119;897;39.9884
250000;120;891;39.0644
250000;121;828;35.7072
250000;122;865;36.6962
250000;123;882;36.814
250000;124;860;35.3214
250000;125;937;37.873
250000;126;943;37.5153
250000;127;929;36.3809
250000;128;937;36.1253
250000;129;980;37.2018
250000;130;869;32.4845
250000;131;958;35.2689
250000;132;970;35.1737
250000;133;981;35.0417
250000;134;986;34.6985
250000;135;966;33.4947
250000;136;958;32.7324
250000;137;891;30.002
250000;138;936;31.0638
250000;139;919;30.0639
250000;140;906;29.2182
250000;141;945;30.0467
250000;142;930;29.1562
250000;143;951;29.4005
250000;144;928;28.2938
250000;145;979;29.4398
250000;146;962;28.535
250000;147;957;28.0031
250000;148;945;27.2808
250000;149;937;26.6892
250000;150;985;27.6848
250000;151;963;26.7103
250000;152;919;25.1567
250000;153;941;25.4244
250000;154;945;25.2031
250000;155;954;25.1169
250000;156;919;23.8872
250000;157;885;22.7123
250000;158;908;23.0094
250000;159;862;21.5707
250000;160;841;20.7838
250000;161;900;21.9673
250000;162;908;21.8906
250000;163;898;21.3855
250000;164;888;20.891
250000;165;863;20.0583
250000;166;808;18.555
250000;167;861;19.5368
250000;168;814;18.2517
250000;169;807;17.8819
250000;170;848;18.5706
250000;171;805;17.4239
250000;172;799;17.0941
250000;173;789;16.6862
250000;174;741;15.492
250000;175;716;14.7992
250000;176;717;14.6524
250000;177;700;14.1443
250000;178;668;13.3469
250000;179;673;13.2974
250000;180;637;12.447
250000;181;615;11.885
250000;182;624;11.9272
250000;183;619;11.703
250000;184;623;11.6513
250000;185;594;10.9895
250000;186;535;9.79209
250000;187;556;10.0682
250000;188;519;9.29873
250000;189;506;8.97039
250000;190;500;8.7712
250000;191;509;8.83607
250000;192;481;8.26348
250000;193;440;7.48118
250000;194;422;7.10154
250000;195;446;7.42883
250000;196;388;6.39714
250000;197;394;6.43045
250000;198;382;6.17194
250000;199;371;5.93427
250000;200;324;5.13092
250000;201;320;5.0174
250000;202;341;5.294
250000;203;358;5.50343
250000;204;338;5.14528
250000;205;329;4.95966
250000;206;274;4.09063
250000;207;302;4.46529
250000;208;266;3.89537
250000;209;262;3.80025
250000;210;243;3.49125
250000;211;263;3.74295
250000;212;233;3.28486
250000;213;215;3.00277
250000;214;213;2.94716
250000;215;202;2.76908
250000;216;202;2.74356
250000;217;184;2.47616
250000;218;175;2.33354
250000;219;186;2.45767
250000;220;165;2.16046
250000;221;156;2.02421
250000;222;150;1.9289
250000;223;160;2.03913
250000;224;128;1.6168
250000;225;146;1.82784
250000;226;116;1.43946
250000;227;128;1.57444
250000;228;112;1.3656
250000;229;98;1.18451
250000;230;85;1.01849
250000;231;88;1.04535
250000;232;87;1.0246
250000;233;75;0.875723
250000;234;95;1.09981
250000;235;71;0.814997
250000;236;88;1.00161
250000;237;66;0.744897
250000;238;51;0.570785
250000;239;63;0.699212
250000;240;56;0.616364
250000;241;54;0.589439
250000;242;54;0.584588
250000;243;31;0.332846
250000;244;35;0.372726
250000;245;31;0.327445
250000;246;31;0.324794
250000;247;33;0.34296
250000;248;29;0.298968
250000;249;29;0.296576
250000;250;33;0.334794
250000;251;29;0.291878
250000;252;27;0.2696
250000;253;25;0.247664
250000;254;22;0.216235
250000;255;15;0.146281
250000;256;11;0.106438
250000;257;13;0.124815
250000;258;10;0.0952705
250000;259;12;0.113445
250000;260;10;0.0938132
250000;261;9;0.0837874
250000;262;8;0.0739113
250000;263;5;0.0458446
250000;264;3;0.0272992
250000;265;6;0.0541878
250000;266;15;0.134455
250000;267;5;0.0444838
250000;268;8;0.0706449
250000;269;7;0.0613564
250000;270;9;0.0783047
250000;271;2;0.0172731
250000;272;5;0.0428664
250000;273;5;0.0425535
250000;274;1;0.0084488
250000;275;1;0.00838758
250000;276;1;0.00832702
250000;277;1;0.00826711
250000;278;2;0.0164157
250000;279;2;0.0162984
250000;280;0;0
250000;281;1;0.00803383
250000;282;0;0
250000;283;1;0.00792088
250000;284;3;0.0235959
250000;285;0;0
250000;286;2;0.0155117
250000;287;0;0
250000;288;1;0.00764871
250000;289;0;0
250000;290;1;0.00754375
250000;0;0;0
250000;1;0;0
250000;2;0;0
250000;3;0;0
250000;4;0;0
250000;5;0;0
250000;6;0;0
250000;7;0;0
250000;8;0;0
250000;9;0;0
250000;10;0;0
250000;11;0;0
250000;12;0;0
250000;13;0;0
250000;14;0;0
250000;15;0;0
250000;16;0;0
250000;17;0;0
250000;18;0;0
250000;19;0;0
250000;20;38;57.5533
250000;21;844;1162.16
250000;22;825;1037.28
250000;23;260;299.676
250000;24;123;130.435
250000;25;77;75.3763
250000;26;58;52.5733
250000;27;54;45.4528
250000;28;57;44.6705
250000;29;78;57.0544
250000;30;102;69.7978
250000;31;164;105.212
250000;32;128;77.1417
250000;33;148;83.9499
250000;34;177;94.664
250000;35;273;137.898
250000;36;390;186.351
250000;37;537;243.089
250000;38;619;265.843
250000;39;515;210.121
250000;40;402;156.018
250000;41;378;139.719
250000;42;535;188.554
250000;43;564;189.741
250000;44;452;145.305
250000;45;310;95.3238
250000;46;250;73.6033
250000;47;209;58.9689
250000;48;272;73.6123
250000;49;276;71.7074
250000;50;335;83.6234
250000;51;422;101.29
250000;52;435;100.47
250000;53;506;112.541
250000;54;574;123.023
250000;55;604;124.83
250000;56;687;137.003
250000;57;753;144.987
250000;58;715;133.004
250000;59;669;120.299
250000;60;615;106.963
250000;61;503;84.662
250000;62;510;83.1153
250000;63;514;81.1497
250000;64;523;80.0302
250000;65;498;73.8956
250000;66;547;78.7437
250000;67;478;66.7871
250000;68;543;73.6701
250000;69;488;64.3166
250000;70;594;76.0818
250000;71;690;85.9231
250000;72;721;87.3238
250000;73;720;84.846
250000;74;790;90.6125
250000;75;760;84.8777
250000;76;732;79.6273
250000;77;757;80.2355
250000;78;797;82.3367
250000;79;716;72.1196
250000;80;715;70.2407
250000;81;674;64.598
250000;82;667;62.3868
250000;83;621;56.7014
250000;84;631;56.2589
250000;85;649;56.5181
250000;86;642;54.6233
250000;87;719;59.7844
250000;88;732;59.4977
250000;89;768;61.0367
250000;90;769;59.773
250000;91;820;62.3516
250000;92;844;62.7964
250000;93;897;65.3199
250000;94;814;58.0279
250000;95;833;58.1453
250000;96;825;56.3995
250000;97;770;51.5653
250000;98;792;51.9672
250000;99;869;55.8792
250000;100;799;50.3606
250000;101;751;46.4071
250000;102;753;45.6272
250000;103;748;44.4526
250000;104;800;46.6374
250000;105;808;46.215
250000;106;802;45.0145
250000;107;852;46.9353
250000;108;858;46.3986
250000;109;850;45.1303
250000;110;832;43.3786
250000;111;922;47.2127
250000;112;923;46.4274
250000;113;963;47.5896
250000;114;908;44.0912
250000;115;900;42.9493
250000;116;823;38.6034
250000;117;879;40.5313
250000;118;922;41.7996
250000;119;897;39.9884
250000;120;891;39.0644
250000;121;828;35.7072
250000;122;865;36.6962
250000;123;882;36.814
250000;124;860;35.3214
250000;125;937;37.873
250000;126;943;37.5153
250000;127;929;36.3809
250000;128;937;36.1253
250000;129;980;37.2018
250000;130;869;32.4845
250000;131;958;35.2689
250000;132;970;35.1737
250000;133;981;35.0417
250000;134;986;34.6985
250000;135;966;33.4947
250000;136;958;32.7324
250000;137;891;30.002
250000;138;936;31.0638
250000;139;919;30.0639
250000;140;906;29.2182
250000;141;945;30.0467
250000;142;930;29.1562
250000;143;951;29.4005
250000;144;928;28.2938
250000;145;979;29.4398
250000;146;962;28.535
250000;147;957;28.0031
250000;148;945;27.2808
250000;149;937;26.6892
250000;150;985;27.6848
250000;151;963;26.7103
250000;152;919;25.1567
250000;153;941;25.4244
250000;154;945;25.2031
250000;155;954;25.1169
250000;156;919;23.8872
250000;157;885;22.7123
250000;158;908;23.0094
250000;159;862;21.5707
250000;160;841;20.7838
250000;161;900;21.9673
250000;162;908;21.8906
250000;163;898;21.3855
250000;164;888;20.891
250000;165;863;20.0583
250000;166;808;18.555
250000;167;861;19.5368
250000;168;814;18.2517
250000;169;807;17.8819
250000;170;848;18.5706
250000;171;805;17.4239
250000;172;799;17.0941
250000;173;789;16.6862
250000;174;741;15.492
250000;175;716;14.7992
250000;176;717;14.6524
250000;177;700;14.1443
250000;178;668;13.3469
250000;179;673;13.2974
250000;180;637;12.447
250000;181;615;11.885
250000;182;624;11.9272
250000;183;619;11.703
250000;184;623;11.6513
250000;185;594;10.9895
250000;186;535;9.79209
250000;187;556;10.0682
250000;188;519;9.29873
250000;189;506;8.97039
250000;190;500;8.7712
250000;191;509;8.83607
250000;192;481;8.26348
250000;193;440;7.48118
250000;194;422;7.10154
250000;195;446;7.42883
250000;196;388;6.39714
250000;197;394;6.43045
250000;198;382;6.17194
250000;199;371;5.93427
250000;200;324;5.13092
250000;201;320;5.0174
250000;202;341;5.294
250000;203;358;5.50343
250000;204;338;5.14528
250000;205;329;4.95966
250000;206;274;4.09063
250000;207;302;4.46529
250000;208;266;3.89537
250000;209;262;3.80025
250000;210;243;3.49125
250000;211;263;3.74295
250000;212;233;3.28486
250000;213;215;3.00277
250000;214;213;2.94716
250000;215;202;2.76908
250000;216;202;2.74356
250000;217;184;2.47616
250000;218;175;2.33354
250000;219;186;2.45767
250000;220;165;2.16046
250000;221;156;2.02421
250000;222;150;1.9289
250000;223;160;2.03913
250000;224;128;1.6168
250000;225;146;1.82784
250000;226;116;1.43946
250000;227;128;1.57444
250000;228;112;1.3656
250000;229;98;1.18451
250000;230;85;1.01849
250000;231;88;1.04535
250000;232;87;1.0246
250000;233;75;0.875723
250000;234;95;1.09981
250000;235;71;0.814997
250000;236;88;1.00161
250000;237;66;0.744897
250000;238;51;0.570785
250000;239;63;0.699212
250000;240;56;0.616364
250000;241;54;0.589439
250000;242;54;0.584588
250000;243;31;0.332846
250000;244;35;0.372726
250000;245;31;0.327445
250000;246;31;0.324794
250000;247;33;0.34296
250000;248;29;0.298968
250000;249;29;0.296576
250000;250;33;0.334794
250000;251;29;0.291878
250000;252;27;0.2696
250000;253;25;0.247664
250000;254;22;0.216235
250000;255;15;0.146281
250000;256;11;0.106438
250000;257;13;0.124815
250000;258;10;0.0952705
250000;259;12;0.113445
250000;260;10;0.0938132
250000;261;9;0.0837874
250000;262;8;0.0739113
250000;263;5;0.0458446
250000;264;3;0.0272992
250000;265;6;0.0541878
250000;266;15;0.134455
250000;267;5;0.0444838
250000;268;8;0.0706449
250000;269;7;0.0613564
250000;270;9;0.0783047
250000;271;2;0.0172731
250000;272;5;0.0428664
250000;273;5;0.0425535
250000;274;1;0.0084488
250000;275;1;0.00838758
250000;276;1;0.00832702
250000;277;1;0.00826711
250000;278;2;0.0164157
250000;279;2;0.0162984
250000;280;0;0
250000;281;1;0.00803383
250000;282;0;0
250000;283;1;0.00792088
250000;284;3;0.0235959
250000;285;0;0
250000;286;2;0.0155117
250000;287;0;0
250000;288;1;0.00764871
250000;289;0;0
250000;290;1;0.00754375
